{
  "results": [
    {
      "command": "sequential ruff && mypy",
      "mean": 0.10358908020000002,
      "stddev": 0.0032499752606205017,
      "median": 0.102455555,
      "user": 0.07797099999999998,
      "system": 0.021027099999999996,
      "min": 0.100940189,
      "max": 0.11165153100000001,
      "times": [
        0.11165153100000001,
        0.101175998,
        0.10308571300000001,
        0.10239647800000001,
        0.106586126,
        0.10181920300000001,
        0.100940189,
        0.10208209400000001,
        0.10251463200000001,
        0.10363883800000001
      ],
      "memory_usage_byte": [
        91303936,
        91303936,
        91303936,
        91303936,
        91303936,
        91303936,
        91303936,
        91303936,
        91303936,
        91303936
      ],
      "exit_codes": [
        0,
        0,
        0,
        0,
        0,
        0,
        0,
        0,
        0,
        0
      ]
    },
    {
      "command": "lintro chk --tools ruff,mypy",
      "mean": 0.6679657046,
      "stddev": 0.009044102171741873,
      "median": 0.6661928995,
      "user": 0.5972378,
      "system": 0.10720700000000001,
      "min": 0.657271304,
      "max": 0.684014173,
      "times": [
        0.657271304,
        0.659904319,
        0.674774176,
        0.677548761,
        0.673190626,
        0.684014173,
        0.661046393,
        0.668229477,
        0.6641563220000001,
        0.659521495
      ],
      "memory_usage_byte": [
        91303936,
        91303936,
        91303936,
        91303936,
        91303936,
        91303936,
        91303936,
        91303936,
        91303936,
        91303936
      ],
      "exit_codes": [
        0,
        0,
        0,
        0,
        0,
        0,
        0,
        0,
        0,
        0
      ]
    }
  ]
}
