{
  "results": [
    {
      "command": "mypy",
      "mean": 0.09990932240000001,
      "stddev": 0.006985676609195298,
      "median": 0.097580896,
      "user": 0.07382649999999999,
      "system": 0.018889799999999998,
      "min": 0.092135464,
      "max": 0.11229681600000001,
      "times": [
        0.092135464,
        0.09770061000000001,
        0.11224273100000001,
        0.094766159,
        0.10203625100000001,
        0.09746118200000001,
        0.09604873300000001,
        0.11229681600000001,
        0.098150553,
        0.096254725
      ],
      "memory_usage_byte": [
        91607040,
        91607040,
        91607040,
        91607040,
        91607040,
        91607040,
        91607040,
        91607040,
        91607040,
        91607040
      ],
      "exit_codes": [
        0,
        0,
        0,
        0,
        0,
        0,
        0,
        0,
        0,
        0
      ]
    },
    {
      "command": "lintro chk --tools mypy",
      "mean": 0.6980635622000001,
      "stddev": 0.0315219012530961,
      "median": 0.686449187,
      "user": 0.5621133,
      "system": 0.09156979999999999,
      "min": 0.6646022300000001,
      "max": 0.759353456,
      "times": [
        0.685260592,
        0.671671291,
        0.672153175,
        0.7243513420000001,
        0.687507038,
        0.6646022300000001,
        0.759353456,
        0.737378823,
        0.692966339,
        0.685391336
      ],
      "memory_usage_byte": [
        91607040,
        91607040,
        91607040,
        91607040,
        91607040,
        91607040,
        91607040,
        91607040,
        91607040,
        91607040
      ],
      "exit_codes": [
        0,
        0,
        0,
        0,
        0,
        0,
        0,
        0,
        0,
        0
      ]
    }
  ]
}
