{
  "results": [
    {
      "command": "ruff check",
      "mean": 0.0111835825,
      "stddev": 0.002477346264470927,
      "median": 0.0118879315,
      "user": 0.0040923999999999995,
      "system": 0.0018404999999999997,
      "min": 0.006890411000000001,
      "max": 0.015563473000000001,
      "times": [
        0.00816788, 0.012019979, 0.011909847000000001, 0.006890411000000001, 0.012876232000000001,
        0.012142109000000002, 0.009453515000000001, 0.015563473000000001, 0.010946363, 0.011866016
      ],
      "memory_usage_byte": [
        17285120, 17285120, 17285120, 17506304, 17506304, 17506304, 17506304, 17506304, 17506304,
        17506304
      ],
      "exit_codes": [0, 0, 0, 0, 0, 0, 0, 0, 0, 0]
    },
    {
      "command": "lintro chk --tools ruff",
      "mean": 0.5658061428000001,
      "stddev": 0.01732687355957005,
      "median": 0.5602147255000001,
      "user": 0.4547126,
      "system": 0.0790297,
      "min": 0.546577993,
      "max": 0.5989665550000001,
      "times": [
        0.5642738300000001, 0.5557582710000001, 0.546577993, 0.5486261640000001, 0.5519068650000001,
        0.572502382, 0.5989665550000001, 0.556155621, 0.582412135, 0.580881612
      ],
      "memory_usage_byte": [
        51245056, 51245056, 51281920, 51281920, 51326976, 51326976, 51326976, 51363840, 51363840,
        51363840
      ],
      "exit_codes": [0, 0, 0, 0, 0, 0, 0, 0, 0, 0]
    }
  ]
}
