{
  "results": [
    {
      "command": "ruff format --check",
      "mean": 0.0092589034,
      "stddev": 0.002378697107455826,
      "median": 0.009448783,
      "user": 0.0033777999999999994,
      "system": 0.0027428999999999995,
      "min": 0.006390098,
      "max": 0.013045296000000001,
      "times": [
        0.011096284000000001, 0.006804348, 0.00700465, 0.009846665000000001, 0.006390098,
        0.009229309, 0.0072149200000000005, 0.013045296000000001, 0.012289207, 0.009668257000000001
      ],
      "memory_usage_byte": [
        17367040, 17367040, 17367040, 17367040, 17367040, 17367040, 17367040, 17367040, 17367040,
        17367040
      ],
      "exit_codes": [0, 0, 0, 0, 0, 0, 0, 0, 0, 0]
    },
    {
      "command": "lintro fmt --tools ruff",
      "mean": 0.6204986921,
      "stddev": 0.020992207885600966,
      "median": 0.6168372375,
      "user": 0.4835317,
      "system": 0.0767746,
      "min": 0.597556513,
      "max": 0.6566198940000001,
      "times": [
        0.651185459, 0.6353699930000001, 0.6566198940000001, 0.613545617, 0.620529878,
        0.6201288580000001, 0.598217459, 0.597556513, 0.604934955, 0.606898295
      ],
      "memory_usage_byte": [
        51245056, 51347456, 51347456, 51347456, 51347456, 51347456, 51347456, 51486720, 51486720,
        51486720
      ],
      "exit_codes": [0, 0, 0, 0, 0, 0, 0, 0, 0, 0]
    }
  ]
}
